intervention,MI_ratio,stroke_ratio,HF_ratio
Alt Scenario 1,1.113251229,1.113251229,1.113251229
Baseline,1.105280414,1.105280414,1.105280414
Scenario 1,1.104395805,1.104395805,1.104395805
Scenario 2,1.110168073,1.110168073,1.110168073
Scenario 3,1.118073051,1.118073051,1.118073051
Scenario 4,1.121925447,1.121925447,1.121925447
Scenario 5,1.132677514,1.132677514,1.132677514
