"","intervention","Incidence","Prevalence","CVD_deaths"
"1","Baseline",66204361.4244232,649880290.327678,32536883.5692186
"2","Scenario 1",63785971.5990337,628018089.525376,30851368.5708968
"3","Scenario 2",61795883.0717616,622960999.788362,29503134.5025128
"4","Scenario 3",54827006.1579178,583667098.647529,26003951.9070146
"5","Scenario 4",55519973.4101975,558587813.857842,24953920.0351957
