"","intervention","year","Incidence","Prevalence","CVD_deaths","All_deaths"
"1","Baseline",2020,40305708.1403317,306012067.752183,15827577.1803544,49415816.4712723
"2","Baseline",2050,101628705.177889,663223342.111549,41547910.319388,85173545.5659938
"3","Scenario 1",2050,99229705.1003825,660609088.973013,40551636.6653296,84445762.3051599
"4","Scenario 2",2050,92739516.3762978,651458666.563449,37813149.5256179,82306497.1296447
"5","Scenario 3",2050,90541904.0180219,641870946.467813,37006364.1263562,81796164.7777604
"6","Scenario 4",2050,84392706.3179008,627928904.77982,34353329.3368277,79887024.3810625
