"","intervention","year","Incidence","Prevalence","CVD_deaths","All_deaths"
"1","Baseline",2020,40305708.1403317,306012067.752183,15827577.1803544,49415816.4712723
"2","Baseline",2050,101299381.388581,663221558.345903,41424123.2653743,85081545.9114592
"3","Scenario 1",2050,98630811.4110416,661124697.9313,40321372.6618411,84276509.0804455
"4","Scenario 2",2050,90852106.3724905,647887714.704233,37048800.523136,81719357.5958049
"5","Scenario 3",2050,88405292.7164091,637113576.682585,36157232.7875436,81156491.0950211
"6","Scenario 4",2050,80671573.3756888,614311633.041079,32856366.8177875,78747800.6926787
