"","intervention","Incidence","Prevalence","CVD_deaths"
"1","Baseline",101299381.388581,663221558.345903,41424123.2653743
"2","Scenario 1",99229705.1003825,660609088.973013,40551636.6653296
"3","Scenario 2",92739516.3762978,651458666.563449,37813149.5256179
"4","Scenario 3",90541904.0180219,641870946.467813,37006364.1263562
"5","Scenario 4",84392706.3179008,627928904.77982,34353329.3368277
