"","intervention","year","Incidence","Prevalence","CVD_deaths","All_deaths"
"1","Baseline",2020,61395128.6787267,302239868.502755,16238913.5106977,50914794.6092183
"2","Baseline",2050,127640316.230071,612067112.984313,40119192.5386364,86184548.5156992
"3","Scenario 1",2050,122502811.849538,599649953.226922,38395620.9728626,85150007.1602749
"4","Scenario 2",2050,117571914.773824,598552710.796043,36728284.3063189,83727669.6630696
"5","Scenario 3",2050,107641764.663945,573911904.71052,33027709.8107852,81038482.9371316
"6","Scenario 4",2050,102615647.663344,551161139.430362,31087236.826988,80503996.8450813
