"","intervention","Incidence","Prevalence","CVD_deaths"
"1","Baseline",127640316.230071,612067112.984313,40119192.5386364
"2","Scenario 1",124869499.251579,608335585.130145,39144819.079719
"3","Scenario 2",120443400.790447,607111821.106322,37654727.1615516
"4","Scenario 3",112242319.990722,589843381.574045,34537750.2140861
"5","Scenario 4",108582026.04937,577167412.511689,33076485.4705835
