"","intervention","Incidence","Prevalence","CVD_deaths"
"1","Baseline",127640316.230071,612067112.984313,40119192.5386364
"2","Scenario 1",122502811.849538,599649953.226922,38395620.9728626
"3","Scenario 2",117571914.773824,598552710.796043,36728284.3063189
"4","Scenario 3",107641764.663945,573911904.71052,33027709.8107852
"5","Scenario 4",102615647.663344,551161139.430362,31087236.826988
