"","intervention","All.cause.deaths"
"1","Baseline",2210631743.70723
"2","Scenario 1",2187572227.97054
"3","Scenario 2",2178455483.33707
"4","Scenario 3",2144012743.3049
"5","Scenario 4",2101105588.83948
