"","intervention","Deaths","Cases","Base_deaths","Base_cases","deaths.averted","cases.averted"
"1","Base case, population-wide",832601030.681281,2074874643.2169,883694932.802814,2201485532.29189,51093902.1215324,126610889.074987
"2","Base case, targeted",854397181.344526,2129981284.37135,883694932.802814,2201485532.29189,29297751.4582878,71504247.9205427
"3","Best case, population-wide",783400503.621159,1956067568.64569,883694932.802814,2201485532.29189,100294429.181655,245417963.646195
"4","Best case, targeted",834829451.82947,2082797815.28205,883694932.802814,2201485532.29189,48865480.9733437,118687717.009842
"5","Current care",883694932.802814,2201485532.29189,883694932.802814,2201485532.29189,0,0
"6","Worst case, population-wide",855089245.017872,2130285478.49708,883694932.802814,2201485532.29189,28605687.7849417,71200053.794806
"7","Worst case, targeted",869630960.458467,2167283093.24904,883694932.802814,2201485532.29189,14063972.3443466,34202439.0428476
