"","intervention","Incidence","Prevalence","CVD_deaths"
"1","Baseline",101299381.388581,663221558.345903,41424123.2653743
"2","Scenario 1",98630811.4110416,661124697.9313,40321372.6618411
"3","Scenario 2",90852106.3724905,647887714.704233,37048800.523136
"4","Scenario 3",88405292.7164091,637113576.682585,36157232.7875436
"5","Scenario 4",80671573.3756888,614311633.041079,32856366.8177875
