"","intervention","year","Incidence","Prevalence","CVD_deaths","All_deaths"
"1","Baseline",2020,55781630.2133167,300484201.490779,16822768.685895,51499823.6537552
"2","Baseline",2050,134462366.176452,597067370.946721,40551509.0630059,86564931.7777604
"3","Scenario 1",2050,128699685.247171,584690551.884937,38844674.063562,85544085.5705773
"4","Scenario 2",2050,124024329.690412,583378556.844422,37238904.8429583,84179694.1332042
"5","Scenario 3",2050,118660623.204636,570083982.496605,35376526.6346732,82810759.4930999
"6","Scenario 4",2050,112804038.651529,558353588.637617,33515013.2459525,81467013.4997452
