"","intervention","Incidence","Prevalence","CVD_deaths"
"1","Baseline",140896471.645711,608083924.408467,42491923.2745676
"2","Scenario 1",135279303.711888,602230409.976474,40830561.8630054
"3","Scenario 2",126855650.640485,586538906.353207,38089022.652124
"4","Scenario 3",125091785.072232,575729568.254601,37293861.6608727
"5","Scenario 4",120426996.331363,562791112.942377,35779857.0464677
