"","intervention","Incidence","Prevalence","CVD_deaths"
"1","Baseline",67332420.5227077,597084458.547708,40408451.1141685
"2","Scenario 1",62987189.5005752,579712035.28864,36994891.8183731
"3","Scenario 2",58213329.0191573,557830686.559752,33485563.5120566
"4","Scenario 3",59520326.6578018,545314991.235877,32958914.6614484
"5","Scenario 4",57478239.0643245,534783057.474655,31561100.5860014
