"","intervention","year","Incidence","Prevalence","CVD_deaths","All_deaths"
"1","Baseline",2020,54264374.0691964,306012067.752183,15827577.1803544,49415816.4712723
"2","Baseline",2050,136934054.595009,663221558.345903,41424123.2653743,85081545.9114592
"3","Scenario 1",2050,134013178.382891,660609088.973013,40551636.6653296,84445762.3051599
"4","Scenario 2",2050,125462273.588326,651458666.563449,37813149.5256179,82306497.1296447
"5","Scenario 3",2050,122894002.193878,641870946.467813,37006364.1263562,81796164.7777604
"6","Scenario 4",2050,114878776.649922,627928904.77982,34353329.3368277,79887024.3810625
