"","intervention","Incidence","Prevalence","CVD_deaths"
"1","Baseline",134462366.176452,597067370.946721,40551509.0630059
"2","Scenario 1",128699685.247171,584690551.884937,38844674.063562
"3","Scenario 2",124024329.690412,583378556.844422,37238904.8429583
"4","Scenario 3",118660623.204636,570083982.496605,35376526.6346732
"5","Scenario 4",112804038.651529,558353588.637617,33515013.2459525
