"","intervention","Incidence","Prevalence","CVD_deaths"
"1","Baseline",67332420.5227077,597084458.547708,40408451.1141685
"2","Scenario 1",64550958.5813695,588463785.655783,37920030.8175886
"3","Scenario 2",61005508.3661575,573839059.196761,34984392.0058913
"4","Scenario 3",62282123.9622725,568152365.129418,34726434.7996786
"5","Scenario 4",60760651.568914,560907893.385972,33536147.7094236
