"","intervention","Incidence","Prevalence","CVD_deaths"
"1","Baseline",136934054.595009,663221558.345903,41424123.2653743
"2","Scenario 1",133268695.031463,661124697.9313,40321372.6618411
"3","Scenario 2",123021367.978302,647887714.704233,37048800.523136
"4","Scenario 3",120158411.787024,637113576.682585,36157232.7875436
"5","Scenario 4",110110870.813059,614311633.041079,32856366.8177875
