"","intervention","year","Incidence","Prevalence","CVD_deaths","All_deaths"
"1","Baseline",2020,55849349.4169331,300739248.324225,16843191.6189228,50387300.3972239
"2","Baseline",2050,140896471.645711,608083924.408467,42491923.2745676,85601120.7431494
"3","Scenario 1",2050,135279303.711888,602230409.976474,40830561.8630054,84356661.6363921
"4","Scenario 2",2050,126855650.640485,586538906.353207,38089022.652124,82162899.5281836
"5","Scenario 3",2050,125091785.072232,575729568.254601,37293861.6608727,81628246.3630071
"6","Scenario 4",2050,120426996.331363,562791112.942377,35779857.0464677,80476785.5174512
