"","intervention","Incidence","Prevalence","CVD_deaths"
"1","Alt Scenario 1",122856477.526729,595717277.705687,36786089.3326969
"2","Baseline",133108610.159966,612819681.349622,40143239.8058626
"3","Scenario 1",127318895.508676,600555646.31721,38427918.3649753
"4","Scenario 2",122568089.244257,599348615.078277,36801661.5829528
"5","Scenario 3",117140195.811789,586164607.036619,34923238.6079003
"6","Scenario 4",111222385.638807,574551869.730978,33045091.0406208
"7","Scenario 5",105694504.387078,551801104.45082,31104618.0568236
