"","intervention","Incidence","Prevalence","CVD_deaths"
"1","Baseline",136934054.595009,663221558.345903,41424123.2653743
"2","Scenario 1",134013178.382891,660609088.973013,40551636.6653296
"3","Scenario 2",125462273.588326,651458666.563449,37813149.5256179
"4","Scenario 3",122894002.193878,641870946.467813,37006364.1263562
"5","Scenario 4",114878776.649922,627928904.77982,34353329.3368277
