"","intervention","Incidence","Prevalence","CVD_deaths"
"1","Baseline",133044907.830389,612067112.984313,40119192.5386364
"2","Scenario 1",127195371.809289,599649953.226922,38395620.9728626
"3","Scenario 2",122197646.004335,598552710.796043,36728284.3063189
"4","Scenario 3",111193593.100254,573911904.71052,33027709.8107852
"5","Scenario 4",105665888.7607,551161139.430362,31087236.826988
