"","intervention","Incidence","Prevalence","CVD_deaths"
"1","Baseline",133044907.830389,612067112.984313,40119192.5386364
"2","Scenario 1",129629999.547804,608335585.130145,39144819.079719
"3","Scenario 2",125119051.838813,607111821.106322,37654727.1615516
"4","Scenario 3",115926714.527838,589843381.574045,34537750.2140861
"5","Scenario 4",111847387.79944,577167412.511689,33076485.4705835
