"","intervention","year","Incidence","Prevalence","CVD_deaths","All_deaths"
"1","Baseline",2020,54264374.0691964,306012067.752183,15827577.1803544,49415816.4712723
"2","Baseline",2050,136934054.595009,663221558.345903,41424123.2653743,85081545.9114592
"3","Scenario 1",2050,133268695.031463,661124697.9313,40321372.6618411,84276509.0804455
"4","Scenario 2",2050,123021367.978302,647887714.704233,37048800.523136,81719357.5958049
"5","Scenario 3",2050,120158411.787024,637113576.682585,36157232.7875436,81156491.0950211
"6","Scenario 4",2050,110110870.813059,614311633.041079,32856366.8177875,78747800.6926787
