"intervention","2019","2050"
"Base case, population-wide",0.241602568921063,0.191923280859139
"Base case, targeted",0.241602568921063,0.194799148848658
"Best case, population-wide",0.241602568921063,0.184831809249612
"Best case, targeted",0.241602568921063,0.191850892692564
"Current care",0.241602568921063,0.199699664828147
"Worst case, population-wide",0.241602568921063,0.195762907912362
"Worst case, targeted",0.241602568921063,0.197561018530203
