,intervention,x50q30,,
1,Business as usual,0.194782989,,
2,Scenario 1,0.167538265,,
3,Scenario 2,0.14092375,,
4,Scenario 3,0.130895271,,0.376645566
5,Scenario 4,0.12141884,,
