,intervention,x50q30,,
1,Business as usual,0.194782989,,
2,Scenario 1,0.174226141,,
3,Scenario 2,0.15139889,,0.306429892
4,Scenario 3,0.14349633,,
5,Scenario 4,0.135095659,,
