"","intervention","Incidence","Prevalence","CVD_deaths"
"1","Alt Scenario 1",125726690.384724,604795615.857104,37704453.4377582
"2","Baseline",133108610.159966,612819681.349622,40143239.8058626
"3","Scenario 1",129750050.006939,609221779.642566,39176370.3815908
"4","Scenario 2",125475581.384188,607974216.592276,37725973.7504994
"5","Scenario 3",120933318.743278,598399548.789857,36139438.100266
"6","Scenario 4",115955588.619969,590483346.594502,34555131.4439217
"7","Scenario 5",111876117.367002,577807377.532147,33093866.700419
